,gender,parental level of education,lunch,test preparation course,math score,reading score,writing score
764,female,1,standard,none,62,76,67
866,male,4,standard,none,79,57,58
208,female,2,standard,none,77,86,84
337,female,0,free/reduced,none,45,46,49
323,male,3,standard,completed,82,83,85
84,female,3,free/reduced,none,32,41,39
836,female,1,free/reduced,completed,53,70,65
90,male,2,free/reduced,none,57,47,42
37,male,0,free/reduced,none,67,65,54
91,male,1,standard,none,74,71,70
592,female,0,standard,none,63,73,66
712,male,3,free/reduced,completed,49,37,41
499,male,3,standard,completed,89,84,81
166,male,4,standard,none,66,64,58
987,male,2,standard,completed,78,78,74
554,male,3,free/reduced,completed,72,76,73
60,male,2,free/reduced,none,76,66,68
828,male,1,standard,completed,97,80,88
841,female,3,free/reduced,none,72,73,70
44,male,0,standard,none,100,88,87
517,male,0,standard,none,49,36,32
101,male,2,standard,completed,75,78,79
241,male,3,standard,completed,76,76,83
808,female,5,free/reduced,none,65,88,84
493,female,1,standard,none,75,76,76
706,female,4,standard,none,89,100,100
206,female,5,standard,completed,74,78,84
948,male,1,free/reduced,completed,49,50,45
56,female,4,standard,completed,67,80,84
340,female,1,standard,none,60,61,58
129,female,3,free/reduced,completed,83,95,100
336,male,2,free/reduced,none,43,68,58
319,male,2,standard,none,83,85,79
57,male,3,standard,completed,88,87,83
664,female,1,standard,none,71,77,79
518,male,3,free/reduced,completed,80,82,82
558,female,4,standard,none,65,73,81
17,female,3,standard,completed,54,62,65
216,female,3,standard,none,53,72,66
346,female,5,standard,none,79,79,87
767,female,2,standard,none,72,83,83
466,female,2,free/reduced,completed,74,85,82
253,female,3,standard,none,60,76,65
433,female,2,standard,completed,78,85,93
550,female,2,standard,completed,100,100,100
717,male,0,free/reduced,none,48,43,41
377,male,2,free/reduced,none,49,54,42
946,female,0,standard,completed,57,62,73
119,female,1,standard,completed,76,90,87
918,male,1,standard,none,72,68,67
705,male,3,free/reduced,none,70,62,66
872,female,0,free/reduced,completed,70,84,83
370,male,1,standard,completed,84,72,76
287,male,2,standard,none,55,48,42
593,male,4,standard,completed,100,97,100
306,male,0,standard,none,66,61,63
134,male,2,standard,none,55,54,54
47,female,1,standard,completed,65,76,78
118,male,4,free/reduced,none,59,70,58
561,female,0,standard,none,60,62,60
927,male,4,free/reduced,completed,61,71,65
178,female,2,free/reduced,completed,83,93,95
326,male,3,free/reduced,completed,76,80,78
623,male,3,free/reduced,completed,69,84,82
813,male,2,standard,none,70,64,62
393,male,2,free/reduced,none,67,58,56
26,female,1,standard,none,53,60,56
963,female,1,standard,completed,63,61,71
940,male,3,free/reduced,completed,92,79,77
463,female,4,free/reduced,none,69,73,71
989,male,2,standard,completed,70,60,65
613,male,0,free/reduced,completed,83,78,82
988,female,2,standard,none,75,76,81
990,male,2,standard,none,67,55,53
762,male,5,standard,none,57,59,53
177,male,1,free/reduced,none,55,53,51
929,female,5,standard,none,65,74,79
559,male,0,free/reduced,none,56,48,36
577,male,5,standard,none,68,60,62
942,female,0,standard,completed,81,79,83
230,female,0,standard,none,75,90,78
857,female,5,standard,none,85,100,97
502,male,3,standard,none,71,57,59
724,male,0,free/reduced,completed,60,62,57
302,male,0,free/reduced,none,55,62,49
681,male,1,free/reduced,completed,41,52,47
298,male,0,standard,none,69,58,50
52,female,3,standard,none,74,81,85
31,male,4,free/reduced,none,78,74,73
344,male,0,standard,completed,80,80,79
313,male,2,standard,completed,87,78,80
40,female,5,free/reduced,none,54,75,72
579,female,0,free/reduced,none,47,49,50
411,female,4,free/reduced,none,62,75,72
276,female,0,free/reduced,none,58,72,70
352,female,4,standard,completed,68,78,84
884,male,2,standard,completed,77,76,77
131,male,0,standard,completed,66,70,64
34,female,4,standard,completed,79,88,89
462,female,2,free/reduced,completed,28,44,50
849,female,4,free/reduced,completed,57,70,68
863,male,2,standard,none,68,71,63
19,male,2,free/reduced,none,39,32,31
846,female,3,free/reduced,completed,41,56,53
803,male,2,standard,none,53,48,48
435,female,1,standard,none,83,87,83
636,male,4,free/reduced,none,63,56,56
838,male,3,free/reduced,completed,67,70,70
96,female,3,standard,completed,95,100,100
111,female,1,standard,none,41,52,47
621,female,2,free/reduced,none,38,47,52
397,female,3,standard,completed,70,80,86
949,female,1,standard,none,54,60,65
633,male,0,free/reduced,none,51,57,53
461,male,1,free/reduced,completed,49,44,41
252,male,1,standard,none,67,63,61
228,female,0,standard,none,76,80,81
283,male,2,free/reduced,none,40,42,39
356,female,0,free/reduced,completed,48,71,68
756,female,5,standard,none,83,88,93
854,male,4,standard,completed,98,94,95
136,male,2,standard,completed,73,81,76
905,male,3,standard,completed,68,82,77
246,female,1,free/reduced,completed,40,52,42
112,female,5,standard,none,63,82,71
255,female,1,standard,none,53,66,59
150,female,2,standard,completed,67,78,80
819,female,2,free/reduced,none,57,75,70
504,female,0,free/reduced,completed,43,48,53
742,female,2,standard,none,85,90,84
86,female,2,free/reduced,none,63,76,69
772,female,3,standard,completed,72,76,78
379,female,2,standard,none,80,90,90
406,male,2,standard,none,94,92,85
614,female,0,standard,none,57,74,64
8,male,0,standard,none,63,56,65
106,male,0,standard,none,82,74,73
6,female,4,standard,none,62,59,63
690,male,4,standard,completed,94,92,92
460,male,2,free/reduced,completed,56,67,56
691,female,3,free/reduced,none,68,84,80
339,female,0,standard,completed,70,73,80
568,male,0,free/reduced,none,29,38,27
39,male,3,standard,none,98,81,77
640,male,4,standard,none,87,87,84
315,female,3,standard,completed,85,87,94
311,female,1,standard,none,36,57,53
472,female,3,standard,none,66,73,68
680,male,3,free/reduced,none,57,49,48
716,female,2,standard,completed,82,86,90
78,male,3,standard,none,78,73,76
400,male,2,standard,completed,74,73,75
395,female,1,standard,none,64,78,83
18,female,3,free/reduced,none,23,44,44
135,male,1,free/reduced,none,73,78,69
572,male,3,free/reduced,none,56,50,43
665,female,1,standard,none,64,70,73
945,male,2,free/reduced,none,63,61,55
873,male,4,standard,none,71,57,60
661,female,0,free/reduced,none,53,65,69
569,female,2,standard,none,70,73,66
192,male,1,free/reduced,none,68,62,61
714,female,1,standard,completed,64,74,75
582,female,4,standard,completed,52,69,75
632,male,4,free/reduced,none,58,64,54
407,female,3,standard,completed,54,64,68
354,female,0,standard,none,65,75,68
773,male,0,standard,none,85,85,76
985,male,3,standard,none,74,73,67
124,female,3,standard,none,74,78,86
225,male,1,standard,none,82,69,72
670,male,0,standard,none,49,43,35
42,male,0,standard,completed,87,79,82
221,male,3,standard,completed,65,69,74
164,male,4,standard,completed,66,72,70
89,male,0,standard,none,72,76,72
932,male,0,free/reduced,completed,75,80,75
793,male,2,free/reduced,completed,62,68,71
718,female,1,free/reduced,completed,51,64,62
752,male,0,standard,none,70,62,61
710,female,0,standard,none,56,64,59
264,male,1,standard,completed,90,82,88
689,male,2,free/reduced,none,36,27,26
555,female,4,free/reduced,none,37,53,48
286,female,0,standard,none,82,89,84
317,male,2,standard,none,86,83,81
642,male,5,free/reduced,completed,69,66,65
527,female,2,standard,completed,89,92,97
201,male,3,standard,none,55,54,47
887,female,3,free/reduced,completed,53,74,75
227,female,4,free/reduced,none,61,71,73
196,male,4,standard,none,50,46,48
458,male,2,free/reduced,completed,63,69,59
109,male,2,free/reduced,none,30,33,33
581,male,2,free/reduced,none,69,72,68
4,male,3,standard,completed,78,73,68
211,male,3,standard,none,97,88,85
210,female,0,free/reduced,completed,61,69,68
697,male,3,standard,none,90,76,73
770,male,1,free/reduced,none,76,73,68
607,male,3,free/reduced,none,72,72,65
325,female,1,standard,none,62,65,64
971,male,1,standard,none,64,51,44
570,male,3,free/reduced,none,67,64,60
563,female,1,free/reduced,completed,58,62,66
365,female,3,standard,none,60,64,67
649,female,0,free/reduced,none,30,43,40
113,male,4,free/reduced,none,43,34,33
528,male,3,free/reduced,completed,48,61,59
194,female,4,standard,none,64,64,66
250,female,2,free/reduced,none,53,70,71
666,female,2,standard,completed,67,81,89
321,female,2,free/reduced,completed,59,83,81
38,female,2,free/reduced,completed,58,68,73
747,female,0,standard,none,77,91,87
348,female,2,free/reduced,completed,46,58,64
982,male,5,free/reduced,completed,69,79,72
123,female,1,standard,completed,41,43,45
698,male,2,free/reduced,completed,71,82,75
552,female,5,free/reduced,completed,92,100,98
585,male,0,standard,completed,53,59,64
702,male,0,standard,none,85,70,71
880,female,2,free/reduced,completed,65,76,72
964,male,4,standard,none,100,83,86
324,male,1,standard,none,87,84,80
256,male,4,standard,none,80,78,74
709,male,1,standard,none,80,70,60
574,female,0,free/reduced,completed,47,54,56
740,male,2,standard,none,52,53,51
469,male,2,standard,none,73,51,53
375,male,0,free/reduced,none,73,75,64
342,male,3,free/reduced,none,61,62,54
674,male,5,standard,none,63,56,60
654,female,3,standard,none,54,60,56
54,male,0,free/reduced,none,57,57,47
398,male,4,standard,completed,90,73,83
373,male,2,free/reduced,completed,59,53,56
160,female,3,standard,completed,84,98,97
508,male,2,standard,none,69,56,57
498,male,4,standard,completed,86,92,93
701,male,1,standard,completed,43,37,43
30,male,2,standard,none,87,79,77
812,male,3,standard,none,65,62,63
538,female,0,standard,none,66,73,72
456,male,2,standard,completed,89,87,89
301,male,1,free/reduced,none,48,39,40
798,male,2,standard,none,56,55,50
233,male,2,standard,none,76,74,72
436,male,1,standard,none,68,74,69
610,male,3,free/reduced,none,58,53,54
149,male,3,free/reduced,none,46,44,44
430,male,4,standard,none,82,83,85
660,female,0,standard,completed,90,89,97
185,female,5,standard,none,91,100,99
707,female,0,standard,none,92,86,82
535,female,4,free/reduced,none,82,87,90
867,female,4,free/reduced,none,59,85,82
589,female,0,free/reduced,none,52,72,71
360,female,2,free/reduced,none,66,90,83
609,male,1,standard,none,89,73,70
104,female,2,standard,none,47,58,58
16,male,0,standard,none,58,47,42
980,female,1,free/reduced,none,39,50,49
485,male,5,standard,none,93,96,96
919,female,3,standard,none,83,78,79
823,male,5,standard,none,70,66,65
442,male,1,free/reduced,completed,75,70,61
173,male,1,free/reduced,completed,69,64,62
74,male,5,free/reduced,none,71,76,67
969,male,0,standard,none,67,57,52
423,male,3,standard,none,77,73,74
478,male,2,free/reduced,completed,68,73,68
938,male,0,free/reduced,none,45,33,32
596,female,0,free/reduced,completed,75,85,90
290,male,3,standard,none,78,74,76
999,male,2,standard,completed,65,60,62
419,female,1,free/reduced,none,38,46,33
25,male,0,free/reduced,none,51,45,42
941,female,2,standard,none,74,75,79
694,male,2,standard,completed,96,95,90
470,female,2,standard,none,91,94,96
424,male,0,standard,none,40,39,30
193,female,3,standard,completed,77,91,89
180,female,1,standard,none,51,62,64
99,male,3,standard,none,60,54,53
7,male,2,standard,completed,93,88,84
355,female,3,standard,none,50,54,51
140,male,3,free/reduced,none,68,63,57
695,male,1,standard,completed,68,63,62
830,male,5,free/reduced,none,38,40,41
385,female,1,free/reduced,none,80,86,87
303,male,2,standard,none,73,68,66
69,female,0,standard,none,60,64,57
368,female,1,free/reduced,none,57,64,60
441,female,5,standard,completed,86,100,100
540,male,3,standard,completed,75,74,76
713,female,5,standard,none,59,57,58
341,male,1,free/reduced,none,52,53,47
133,male,3,standard,none,62,55,56
438,male,3,standard,none,91,88,90
741,female,4,standard,completed,62,65,67
421,male,1,standard,none,76,71,70
229,male,3,free/reduced,completed,94,83,82
911,female,3,standard,none,52,64,55
768,male,2,free/reduced,none,49,48,42
594,female,2,standard,none,56,63,62
542,female,2,free/reduced,none,82,88,86
58,female,2,free/reduced,none,42,61,51
214,female,1,standard,completed,64,80,77
899,male,1,free/reduced,none,45,31,27
737,male,3,standard,none,83,82,81
427,male,3,standard,none,83,70,73
22,male,2,standard,completed,71,69,73
677,female,0,standard,none,70,72,75
391,female,0,free/reduced,none,47,56,51
957,male,4,free/reduced,none,73,52,54
951,male,4,standard,completed,77,70,78
974,female,1,standard,none,59,59,58
755,female,0,standard,none,66,84,77
244,male,1,standard,none,36,34,28
68,male,0,standard,none,79,64,60
782,female,4,standard,none,84,87,92
114,male,0,standard,none,77,76,74
864,female,0,free/reduced,completed,66,78,77
791,female,0,standard,completed,52,65,71
405,male,3,standard,none,74,61,56
816,female,3,standard,completed,94,99,100
700,male,1,free/reduced,none,41,39,34
655,male,3,standard,completed,76,83,78
186,male,0,standard,none,76,77,67
429,male,2,standard,completed,88,78,76
825,male,3,standard,completed,100,100,100
471,male,2,standard,none,80,87,79
141,female,2,free/reduced,none,65,77,83
1,female,1,free/reduced,none,40,59,55
115,male,3,standard,completed,76,79,76
935,male,1,standard,none,91,77,72
641,male,0,standard,none,73,72,69
76,female,2,standard,none,47,63,59
151,female,0,free/reduced,none,54,67,59
907,male,0,standard,none,66,67,64
530,female,2,standard,none,88,100,88
446,male,2,free/reduced,none,83,76,71
509,female,0,standard,none,65,70,72
573,female,2,free/reduced,none,61,79,76
3,male,0,standard,none,77,78,68
881,male,5,standard,none,99,81,87
51,female,1,free/reduced,none,52,58,60
110,female,2,standard,completed,79,88,86
634,female,5,standard,completed,100,100,100
936,female,1,standard,completed,33,44,50
358,male,1,free/reduced,completed,71,74,68
29,female,1,free/reduced,none,33,54,51
422,male,2,free/reduced,none,45,45,38
434,male,3,standard,none,67,63,66
32,male,1,free/reduced,completed,40,41,39
390,female,2,standard,none,63,62,64
541,male,2,standard,completed,77,72,79
961,male,5,standard,none,87,86,84
784,female,3,standard,completed,70,78,87
959,male,5,standard,completed,91,84,83
93,male,4,standard,completed,94,87,93
223,female,5,standard,none,79,77,83
158,female,3,free/reduced,none,82,95,93
833,male,5,standard,none,85,83,78
449,female,2,standard,none,70,75,75
254,female,0,free/reduced,none,51,61,54
322,female,0,standard,none,40,58,54
142,female,4,standard,none,86,83,87
381,female,0,standard,completed,85,83,94
820,female,1,standard,none,76,82,74
524,male,2,free/reduced,none,49,47,48
9,male,2,free/reduced,none,47,42,45
801,female,1,standard,none,44,65,63
628,male,3,standard,none,85,77,76
913,female,2,standard,completed,59,68,67
45,male,4,standard,none,60,46,51
408,male,0,standard,none,52,49,43
758,male,0,free/reduced,completed,56,65,63
652,female,1,standard,completed,92,100,97
604,female,4,standard,completed,89,93,100
821,male,0,standard,none,65,63,64
494,male,0,free/reduced,none,65,63,60
787,female,2,standard,none,84,84,87
224,male,4,standard,none,99,94,97
979,female,4,free/reduced,completed,57,65,68
497,male,2,free/reduced,none,71,64,66
730,male,2,free/reduced,none,90,87,81
788,male,0,standard,none,61,62,60
977,female,1,free/reduced,completed,54,55,65
413,male,1,free/reduced,completed,55,61,61
401,male,3,standard,completed,61,71,67
77,female,0,free/reduced,none,72,91,81
236,female,4,standard,none,53,68,64
369,female,0,standard,none,70,75,74
682,male,1,standard,none,87,80,76
565,female,2,standard,none,77,77,83
475,male,2,standard,completed,83,75,71
890,male,0,free/reduced,none,51,57,50
349,female,1,standard,completed,72,88,92
769,female,2,standard,none,62,60,63
663,female,2,standard,completed,63,78,75
511,female,1,standard,none,90,88,86
139,female,1,free/reduced,none,60,72,64
657,female,3,free/reduced,completed,45,72,66
145,female,0,free/reduced,none,51,57,57
839,male,2,standard,completed,100,84,88
237,female,0,standard,none,82,95,96
852,male,1,standard,none,57,60,50
483,female,2,free/reduced,none,71,78,82
361,male,2,free/reduced,none,44,53,43
284,male,4,free/reduced,none,49,49,49
783,male,3,free/reduced,completed,63,60,63
939,male,4,free/reduced,none,62,61,57
750,male,2,standard,none,74,76,70
197,male,5,free/reduced,none,53,57,51
722,female,1,standard,completed,45,57,56
327,female,0,standard,none,63,69,60
811,male,5,free/reduced,none,56,65,56
281,male,3,standard,completed,100,100,100
452,female,1,standard,completed,76,85,88
937,female,0,standard,none,45,50,41
526,female,2,standard,none,79,76,71
48,female,0,standard,none,68,72,73
810,female,1,standard,none,49,51,41
205,male,1,standard,completed,77,74,75
455,male,1,standard,none,65,59,60
807,female,5,standard,none,61,72,64
172,female,2,free/reduced,completed,57,66,71
865,male,1,free/reduced,completed,75,74,71
232,male,2,free/reduced,none,35,44,33
794,male,4,standard,completed,90,88,84
993,female,3,standard,none,58,54,58
207,male,2,standard,none,85,78,81
450,female,0,standard,completed,55,62,64
842,male,2,standard,completed,91,97,95
556,male,4,free/reduced,none,35,43,35
338,female,3,standard,none,58,68,62
902,male,2,standard,completed,78,69,73
473,male,2,standard,none,52,48,43
656,female,1,standard,none,60,68,74
71,male,3,standard,none,57,52,47
743,female,0,free/reduced,completed,74,96,95
892,male,2,free/reduced,none,55,42,43
638,male,0,standard,none,100,82,80
374,female,4,standard,none,87,89,84
167,female,1,standard,completed,57,64,68
635,female,5,standard,none,77,84,92
309,male,4,standard,completed,79,80,75
318,female,1,free/reduced,none,64,86,89
492,female,1,standard,none,41,49,49
958,female,2,standard,none,43,59,59
300,male,2,free/reduced,none,43,28,24
869,male,0,standard,none,69,60,54
479,male,3,free/reduced,none,62,43,45
802,female,2,standard,completed,69,94,87
605,male,3,standard,none,44,34,36
746,female,0,free/reduced,none,41,43,40
240,female,2,standard,none,72,84,82
878,female,4,standard,none,51,64,63
688,female,2,free/reduced,completed,54,61,71
601,female,0,standard,none,69,71,76
467,female,4,standard,completed,47,67,63
647,male,2,standard,completed,63,70,71
615,female,0,standard,none,52,47,48
144,male,5,standard,completed,80,71,68
148,female,4,standard,completed,100,100,100
546,male,0,standard,completed,68,60,63
215,female,4,free/reduced,none,55,57,60
222,female,1,standard,none,43,48,44
868,male,5,free/reduced,none,60,62,58
62,male,1,standard,completed,69,67,62
789,male,1,free/reduced,none,62,59,62
608,male,4,standard,none,64,53,50
891,male,0,standard,completed,64,71,70
567,female,2,standard,completed,62,79,87
790,female,5,free/reduced,none,66,78,83
998,female,2,standard,none,73,74,82
723,male,0,free/reduced,none,66,64,62
984,female,0,standard,none,63,71,75
105,female,4,standard,none,70,78,82
580,male,5,free/reduced,completed,84,77,82
662,female,3,standard,none,92,95,95
643,female,0,standard,none,62,64,63
912,female,5,free/reduced,none,54,64,64
578,female,3,standard,none,68,71,71
292,male,2,free/reduced,completed,59,71,66
480,female,1,standard,none,76,88,84
488,male,4,standard,none,84,79,74
734,female,1,free/reduced,none,52,58,53
11,female,0,standard,completed,80,87,90
445,female,0,standard,none,62,71,66
525,female,5,free/reduced,none,50,64,66
261,female,0,standard,none,39,46,50
94,male,5,free/reduced,none,81,73,72
799,male,0,free/reduced,none,64,52,54
671,female,5,standard,none,75,84,86
748,male,4,standard,none,95,99,91
409,male,2,standard,none,73,75,71
204,female,3,free/reduced,none,66,83,82
388,male,3,free/reduced,completed,82,82,78
88,female,2,standard,none,56,52,61
962,male,1,standard,completed,46,46,44
806,female,3,free/reduced,none,57,71,71
291,female,0,free/reduced,completed,71,77,82
537,female,1,free/reduced,completed,60,72,76
202,male,2,standard,none,77,64,70
486,female,3,free/reduced,none,60,64,60
489,female,4,standard,none,66,71,75
669,male,1,standard,none,59,49,46
916,male,0,standard,none,83,72,68
696,female,1,standard,completed,52,64,63
760,female,0,free/reduced,none,61,69,66
248,male,3,standard,completed,56,54,52
692,female,0,standard,none,90,88,84
908,female,2,free/reduced,completed,26,44,46
829,female,0,free/reduced,none,33,32,35
600,female,2,free/reduced,none,40,63,56
792,female,2,standard,completed,68,75,73
359,male,1,free/reduced,completed,58,52,48
457,female,5,standard,none,71,82,82
780,female,4,standard,completed,91,100,100
239,male,4,standard,completed,83,75,75
137,female,3,standard,completed,48,66,68
630,female,3,free/reduced,none,63,78,73
476,female,1,free/reduced,none,80,85,78
871,male,2,standard,none,62,44,52
27,male,0,standard,none,71,68,60
171,female,2,standard,none,71,71,76
181,female,2,standard,none,48,52,49
529,female,4,standard,none,63,67,71
444,male,4,standard,completed,93,86,95
930,female,1,standard,completed,71,83,89
817,male,5,standard,none,77,76,73
199,male,0,standard,none,74,63,65
548,female,3,free/reduced,none,37,46,43
70,female,3,standard,completed,56,68,73
316,female,0,standard,completed,58,67,64
843,male,5,standard,completed,87,81,86
386,female,1,free/reduced,none,43,57,50
501,female,3,standard,none,87,87,92
73,female,1,standard,completed,79,76,81
512,female,3,standard,none,78,72,71
729,female,1,free/reduced,none,25,36,37
683,male,0,free/reduced,none,69,71,62
394,male,1,standard,none,57,59,54
967,female,5,free/reduced,none,84,100,99
648,male,3,standard,completed,85,85,91
183,female,3,standard,none,69,83,76
531,female,3,standard,none,66,73,73
668,male,0,standard,none,63,53,44
603,female,3,standard,completed,69,75,71
845,male,1,standard,none,65,66,64
553,male,5,free/reduced,none,71,62,66
858,female,1,standard,none,81,85,91
837,male,0,standard,completed,68,70,63
536,male,2,free/reduced,completed,83,63,63
266,male,3,standard,none,73,73,70
757,male,0,standard,none,75,63,60
996,male,3,free/reduced,completed,85,91,92
97,male,0,free/reduced,none,45,52,49
795,female,5,free/reduced,none,42,50,44
972,female,3,standard,none,81,77,74
684,male,3,free/reduced,none,69,77,70
209,female,3,standard,none,64,62,66
598,male,1,free/reduced,none,42,40,40
888,female,3,standard,none,67,58,62
98,male,2,standard,none,63,50,49
728,male,2,free/reduced,completed,57,68,61
33,female,3,standard,completed,65,65,71
736,male,3,standard,completed,90,89,87
447,male,1,standard,none,73,72,64
595,female,2,standard,none,46,54,54
761,male,1,standard,completed,70,79,73
606,male,0,free/reduced,completed,82,83,77
900,male,1,standard,none,59,54,48
251,male,1,standard,none,88,65,70
200,female,3,standard,completed,50,63,65
678,female,2,standard,none,61,73,70
333,male,1,standard,none,96,83,82
153,male,4,standard,none,68,66,73
587,female,2,standard,none,78,96,89
759,female,2,free/reduced,none,66,88,83
720,male,2,free/reduced,none,45,50,42
975,male,3,standard,none,74,76,70
156,male,0,free/reduced,none,64,64,59
576,male,2,standard,completed,51,52,52
128,male,2,standard,completed,100,84,87
685,male,0,standard,completed,58,56,56
130,female,3,free/reduced,completed,77,75,82
602,male,0,standard,none,43,50,45
212,male,2,standard,completed,66,75,70
59,male,1,standard,none,68,51,48
921,female,2,free/reduced,completed,53,73,74
968,female,1,free/reduced,none,39,51,48
826,female,4,standard,completed,83,96,99
268,female,2,standard,none,57,58,62
82,female,3,free/reduced,none,51,59,59
50,male,0,standard,none,65,68,64
549,female,1,standard,none,49,56,53
644,female,1,standard,none,40,48,49
564,female,2,standard,completed,74,95,94
778,male,5,free/reduced,none,48,52,44
551,male,2,standard,none,83,68,65
36,female,2,standard,completed,57,77,75
5,female,0,standard,none,63,77,76
822,female,5,standard,completed,75,75,83
519,female,4,standard,none,78,89,93
831,male,2,standard,completed,46,51,47
481,female,4,free/reduced,none,77,79,83
169,female,0,standard,none,80,85,83
13,male,0,standard,completed,74,74,73
314,male,3,standard,none,71,68,63
448,female,0,free/reduced,none,57,52,53
906,female,3,standard,none,77,81,79
274,female,1,standard,completed,85,93,92
629,male,0,standard,none,72,59,54
426,female,5,free/reduced,none,63,65,66
350,female,1,free/reduced,none,58,64,64
931,male,3,free/reduced,none,48,49,44
155,female,2,standard,none,43,44,47
402,female,1,standard,completed,55,74,73
532,female,2,free/reduced,none,45,59,56
997,female,1,free/reduced,none,32,35,41
495,male,2,standard,none,78,65,60
901,female,0,free/reduced,none,64,69,68
947,female,2,standard,completed,46,65,64
85,female,1,standard,none,53,71,69
278,female,0,standard,none,40,49,47
259,female,3,free/reduced,completed,80,87,89
146,female,1,standard,completed,63,61,66
903,male,0,free/reduced,none,59,61,58
20,female,3,standard,none,83,76,88
956,male,0,standard,completed,69,75,74
496,female,1,free/reduced,none,26,34,28
418,male,2,standard,none,72,65,59
295,female,1,standard,none,77,83,86
195,female,1,free/reduced,none,39,49,48
477,male,4,free/reduced,none,68,68,59
184,female,3,standard,completed,75,85,87
432,female,3,free/reduced,none,61,74,72
459,male,1,standard,completed,57,55,60
618,male,1,standard,none,58,60,53
443,male,2,standard,none,55,38,35
991,female,3,standard,none,87,93,88
161,male,3,free/reduced,none,65,63,65
886,male,3,free/reduced,none,73,73,61
617,male,0,free/reduced,completed,67,66,64
382,female,1,standard,completed,70,78,76
189,male,1,free/reduced,completed,52,63,53
10,male,2,standard,completed,99,83,85
733,male,3,free/reduced,none,76,68,66
265,male,1,standard,none,73,71,64
785,male,4,free/reduced,completed,48,52,57
672,female,1,free/reduced,none,34,47,45
818,female,1,standard,none,59,78,75
699,female,2,free/reduced,completed,58,69,74
482,female,5,free/reduced,none,83,81,83
533,female,1,standard,completed,62,78,73
776,male,0,free/reduced,none,41,42,38
637,female,2,standard,none,64,67,68
885,male,0,free/reduced,none,37,28,23
269,female,2,standard,none,65,73,72
157,female,3,free/reduced,none,92,87,87
403,female,2,standard,completed,65,63,66
575,male,4,standard,completed,88,87,94
893,male,3,free/reduced,completed,55,39,51
731,female,2,standard,none,63,70,71
815,female,0,standard,completed,48,56,64
658,male,0,standard,none,80,77,72
711,male,0,free/reduced,none,93,86,73
566,male,2,free/reduced,none,66,57,53
213,male,1,standard,none,62,66,64
238,male,3,standard,none,76,62,64
771,female,5,standard,completed,73,86,85
860,male,4,standard,none,98,92,90
904,male,4,free/reduced,none,80,70,71
704,female,0,standard,none,72,70,72
64,male,5,standard,completed,83,93,97
92,female,5,standard,none,81,81,87
651,male,3,free/reduced,completed,81,71,70
539,male,4,free/reduced,none,76,66,68
220,male,2,standard,none,89,90,83
294,female,4,free/reduced,completed,43,60,60
721,female,2,standard,completed,83,92,95
693,male,2,standard,none,57,57,53
41,male,0,standard,none,77,67,64
376,female,0,standard,none,85,91,89
883,female,2,standard,none,70,78,80
231,male,2,standard,none,81,75,70
353,male,4,free/reduced,completed,68,71,67
187,male,1,free/reduced,none,63,61,59
191,female,1,standard,none,33,51,51
797,male,3,standard,completed,62,61,61
351,female,5,standard,none,47,50,47
383,male,3,standard,completed,89,84,81
414,female,1,standard,none,61,62,61
960,male,3,standard,completed,49,58,55
270,female,1,standard,none,71,72,71
329,male,3,standard,completed,61,63,65
514,female,1,standard,none,75,80,72
108,male,3,standard,none,92,78,71
545,male,3,standard,completed,84,71,76
384,female,0,standard,completed,72,86,79
506,male,1,standard,none,86,76,63
952,female,4,standard,none,46,63,60
234,female,4,standard,none,58,79,82
835,female,1,standard,none,76,81,79
515,male,4,free/reduced,none,70,60,56
805,male,3,standard,none,49,55,48
415,male,0,standard,none,75,70,64
520,male,4,standard,none,89,77,82
412,female,5,free/reduced,none,55,60,61
308,female,4,standard,none,66,81,73
2,male,2,free/reduced,none,59,60,50
898,female,2,standard,completed,75,76,85
995,male,0,standard,none,73,70,65
897,female,1,free/reduced,none,51,67,69
547,male,2,free/reduced,none,56,58,50
175,female,2,free/reduced,none,50,56,60
245,male,0,standard,none,68,74,71
796,male,3,free/reduced,completed,74,90,89
827,female,3,free/reduced,none,70,84,78
966,female,1,free/reduced,completed,55,73,70
914,male,0,standard,none,77,62,65
345,male,2,free/reduced,none,63,60,54
380,female,0,standard,none,48,51,43
218,male,0,free/reduced,completed,66,59,68
667,male,0,free/reduced,none,63,63,61
490,male,5,standard,none,85,69,74
503,male,0,standard,none,77,80,72
366,female,3,free/reduced,none,55,61,60
586,female,5,standard,completed,59,73,74
874,male,4,standard,none,71,69,65
363,male,2,standard,completed,78,83,77
72,female,2,standard,none,49,70,63
950,male,1,standard,completed,89,87,90
420,female,4,standard,none,57,71,63
87,male,2,standard,none,97,93,88
976,female,2,free/reduced,completed,31,29,35
491,female,5,standard,completed,57,68,76
100,male,2,free/reduced,completed,54,61,62
749,female,0,free/reduced,none,50,68,66
138,male,2,free/reduced,none,52,44,49
35,female,4,standard,none,68,74,74
534,male,2,free/reduced,completed,74,80,86
732,male,3,standard,none,100,91,86
994,male,0,free/reduced,completed,86,82,75
744,male,3,free/reduced,none,83,85,78
923,male,3,standard,none,65,63,61
392,female,2,free/reduced,none,13,29,23
80,female,4,standard,none,46,59,62
120,female,0,standard,completed,55,71,71
126,male,3,standard,none,77,71,64
516,male,3,standard,none,54,52,48
159,male,1,free/reduced,none,84,78,79
410,male,0,standard,none,81,72,58
934,female,5,standard,none,70,64,65
116,female,2,free/reduced,none,49,61,63
765,male,1,standard,completed,64,53,49
416,male,2,free/reduced,none,79,65,59
708,male,2,free/reduced,completed,80,79,81
856,male,1,free/reduced,none,61,57,55
557,male,2,free/reduced,none,69,68,62
0,male,0,standard,completed,67,67,63
986,male,2,free/reduced,none,78,84,77
631,male,1,standard,none,58,67,58
289,male,0,standard,completed,69,63,59
121,female,4,standard,completed,78,87,89
944,female,3,standard,completed,57,72,73
844,female,3,free/reduced,none,66,75,74
590,male,3,free/reduced,none,81,78,75
875,female,1,free/reduced,none,50,59,54
162,female,4,standard,none,83,92,91
981,male,2,standard,none,64,48,48
417,female,1,standard,none,70,70,68
95,female,0,standard,completed,58,63,67
132,male,2,standard,none,65,63,57
500,female,0,free/reduced,none,53,64,63
840,male,3,free/reduced,none,54,48,45
367,male,1,standard,none,64,67,64
766,female,0,free/reduced,none,55,66,65
103,male,0,standard,none,66,67,67
65,female,1,free/reduced,completed,49,74,70
279,male,0,standard,completed,75,73,66
584,male,4,standard,none,100,84,88
738,female,0,standard,none,61,73,69
824,male,0,standard,completed,79,79,70
154,female,3,free/reduced,none,54,63,58
862,male,4,standard,completed,85,81,82
774,male,2,free/reduced,none,71,68,65
63,male,4,standard,completed,77,82,78
399,female,2,free/reduced,completed,53,70,69
484,male,2,free/reduced,completed,86,91,89
440,female,0,standard,completed,53,64,62
272,male,0,standard,completed,74,71,65
853,male,2,standard,completed,72,72,72
894,male,3,standard,none,86,77,78
179,male,0,standard,completed,89,87,86
182,female,4,standard,none,84,95,89
